date,close
2026-02-17,67.42
2026-02-18,70.35
2026-02-19,71.66
2026-02-20,71.76
2026-02-23,71.49
2026-02-24,70.77
2026-02-25,70.85
2026-02-26,70.75
2026-02-27,72.48
2026-03-02,77.74
2026-03-03,81.4
2026-03-04,81.4
2026-03-05,85.41
2026-03-06,92.69
2026-03-09,98.96
2026-03-10,87.8
2026-03-11,91.98
2026-03-12,100.46
2026-03-13,103.14
2026-03-16,100.21
2026-03-17,103.42
2026-03-18,107.38
2026-03-19,108.65
2026-03-20,112.19
2026-03-23,99.94
2026-03-24,104.49
2026-03-25,102.22
2026-03-26,108.01
2026-03-27,112.57
2026-03-30,112.78
2026-03-31,118.35
2026-04-01,101.16
2026-04-02,109.03
2026-04-06,109.77
2026-04-07,109.27
2026-04-08,94.75
2026-04-09,95.92
2026-04-10,95.2
2026-04-13,99.36
2026-04-14,94.79
2026-04-15,94.93
2026-04-16,99.39
2026-04-17,90.38
2026-04-20,95.48
2026-04-21,98.48
2026-04-22,101.91
2026-04-23,105.07
2026-04-24,105.33
2026-04-27,108.23
2026-04-28,111.26
2026-04-29,118.03
2026-04-30,114.01
2026-05-01,108.17
2026-05-04,114.44
2026-05-05,109.87
2026-05-06,101.27
2026-05-07,100.06
2026-05-08,101.29
2026-05-11,104.21
2026-05-12,107.77
2026-05-13,105.63
2026-05-14,105.72
2026-05-15,109.26
2026-05-18,112.1
2026-05-19,111.28
2026-05-20,105.02
2026-05-21,102.58
2026-05-22,103.54
2026-05-26,99.58
2026-05-27,94.29
2026-05-28,93.71
2026-05-29,92.05
2026-06-01,94.98
2026-06-02,96.0
2026-06-03,97.81
2026-06-04,95.03
2026-06-05,93.09
2026-06-08,94.25
2026-06-09,91.45
2026-06-10,93.1
2026-06-11,90.38
2026-06-12,87.33
2026-06-15,83.17
2026-06-16,78.96
2026-06-17,79.55
2026-06-18,79.85
2026-06-22,77.9
2026-06-23,77.08
2026-06-24,73.74
2026-06-25,75.26
2026-06-26,71.99
2026-06-29,73.15
2026-06-30,72.92
2026-07-01,71.57
2026-07-02,71.8
2026-07-06,71.99
2026-07-07,74.16
2026-07-08,78.02
2026-07-09,76.3
2026-07-10,76.01
2026-07-13,83.3
2026-07-14,84.73
2026-07-15,84.95
2026-07-16,84.23
2026-07-17,88.1
2026-07-20,89.22
2026-07-21,91.12
